{
  "summary": {
    "protocol": "time-split (chronological 70/30 by TransactionDT)",
    "sample_size": 590540,
    "fraud_rate_overall": 0.03499000914417313,
    "fraud_rate_train": 0.03516878014795175,
    "fraud_rate_test": 0.034572876802023006,
    "train_rows": 413378,
    "test_rows": 177162,
    "train_span_days": 119.81013888888889,
    "test_span_days": 62.188981481481484,
    "split_transactiondt": 10438003,
    "unique_card1": 13553,
    "identity_coverage": 0.20094489789006673,
    "part1_final_auc": 0.7208882202717086,
    "part1_final_recall_at_1pct_fpr": 0.08408163265306122,
    "part1_baseline_auc": 0.6413966998189794,
    "part1_baseline_recall_at_1pct_fpr": 0.030131464346694854,
    "new_feature_marginal_auc_lift": -0.001920835126616116,
    "new_feature_marginal_recall_lift": -0.001902157434402335,
    "staleness_headline": "1.19x more fraud caught at 1% FPR with 1-min-fresh features vs 60-day-stale",
    "staleness_ratio_1min_vs_60day": 1.193548139624089,
    "staleness_1min_auc": 0.5278722691939315,
    "staleness_60day_auc": 0.5371212205784809,
    "staleness_1min_recall": 0.015394335188620902,
    "staleness_60day_recall": 0.01289795918367347,
    "reference_model_fresh_auc": 0.7208882202717086,
    "reference_model_fresh_recall": 0.08408163265306122,
    "part3_headline": "Matched-stale features degrade from AUC 0.721 to 0.689 as \u0394 grows from 0 to 60 days (a 0.032 AUC drop and a 1.58\u00d7 recall-at-1%-FPR advantage for real-time features).",
    "part3_auc_zero": 0.7208882202717086,
    "part3_auc_60day": 0.6891038890857009,
    "part3_auc_gap_zero_to_60day": 0.031784331186007764,
    "part3_recall_zero": 0.08408163265306122,
    "part3_recall_60day": 0.05318018035121025,
    "part3_recall_ratio_zero_vs_60day": 1.5810708443967834
  },
  "m_column_value_counts": {
    "M1": {
      "T": 319415,
      "nan": 271100,
      "F": 25
    },
    "M2": {
      "T": 285468,
      "nan": 271100,
      "F": 33972
    },
    "M3": {
      "nan": 271100,
      "T": 251731,
      "F": 67709
    },
    "M4": {
      "nan": 281444,
      "M0": 196405,
      "M2": 59865,
      "M1": 52826
    },
    "M5": {
      "nan": 350482,
      "F": 132491,
      "T": 107567
    },
    "M6": {
      "F": 227856,
      "T": 193324,
      "nan": 169360
    }
  },
  "part1": [
    {
      "row": "baseline (TransactionAmt only)",
      "auc": 0.6413966998189794,
      "recall_1pct": 0.030131464346694854,
      "marginal_lift": null
    },
    {
      "row": "+ tx_count_5m_per_card",
      "auc": 0.65217918070717,
      "recall_1pct": 0.030748238308776425,
      "marginal_lift": 0.01078248088819056
    },
    {
      "row": "+ high_risk_tx_5m_per_card",
      "auc": 0.6601423527765147,
      "recall_1pct": 0.04293877551020408,
      "marginal_lift": 0.007963172069344715
    },
    {
      "row": "+ distinct_cards_5m_per_device",
      "auc": 0.712083385704943,
      "recall_1pct": 0.08320827988338193,
      "marginal_lift": 0.05194103292842833
    },
    {
      "row": "+ addr_mismatch_streak_per_card",
      "auc": 0.7101625505783269,
      "recall_1pct": 0.0813061224489796,
      "marginal_lift": -0.001920835126616116
    },
    {
      "row": "+ rapid_tx_streak_per_card",
      "auc": 0.7087688690822717,
      "recall_1pct": 0.0790204081632653,
      "marginal_lift": -0.0013936814960552324
    },
    {
      "row": "+ distinct_devices_1h_per_card",
      "auc": 0.7126674898962666,
      "recall_1pct": 0.08146938775510204,
      "marginal_lift": 0.0038986208139949463
    },
    {
      "row": "+ amount_sum_5m_per_card",
      "auc": 0.7208882202717086,
      "recall_1pct": 0.08408163265306122,
      "marginal_lift": 0.00822073037544202
    }
  ],
  "part2": [
    {
      "staleness": "1 min",
      "offset_s": 60,
      "auc": 0.5278722691939315,
      "recall_1pct": 0.015394335188620902
    },
    {
      "staleness": "1 hour",
      "offset_s": 3600,
      "auc": 0.5291182132330121,
      "recall_1pct": 0.010460485908649175
    },
    {
      "staleness": "1 day",
      "offset_s": 86400,
      "auc": 0.5330458474613382,
      "recall_1pct": 0.012408163265306122
    },
    {
      "staleness": "7 days",
      "offset_s": 604800,
      "auc": 0.5315782571452197,
      "recall_1pct": 0.011102040816326531
    },
    {
      "staleness": "30 days",
      "offset_s": 2592000,
      "auc": 0.5326369281834591,
      "recall_1pct": 0.00985994080074778
    },
    {
      "staleness": "60 days",
      "offset_s": 5184000,
      "auc": 0.5371212205784809,
      "recall_1pct": 0.01289795918367347
    }
  ],
  "versions": {
    "python": "3.13.2",
    "pandas": "3.0.2",
    "numpy": "2.4.4",
    "sklearn": "1.8.0",
    "run_timestamp_utc": "2026-04-24T12:07:15Z",
    "elapsed_s": 634.5950300693512
  },
  "part3": [
    {
      "staleness": "0 s (real-time)",
      "offset_s": 0,
      "auc": 0.7208882202717086,
      "recall_1pct": 0.08408163265306122,
      "delta_auc_vs_zero": null,
      "delta_recall_vs_zero": null
    },
    {
      "staleness": "60 s",
      "offset_s": 60,
      "auc": 0.7093407849572589,
      "recall_1pct": 0.062040816326530614,
      "delta_auc_vs_zero": -0.011547435314449683,
      "delta_recall_vs_zero": -0.022040816326530606
    },
    {
      "staleness": "1 h",
      "offset_s": 3600,
      "auc": 0.7028211286900209,
      "recall_1pct": 0.05511881773399015,
      "delta_auc_vs_zero": -0.018067091581687733,
      "delta_recall_vs_zero": -0.028962814919071073
    },
    {
      "staleness": "1 d",
      "offset_s": 86400,
      "auc": 0.6993828718049192,
      "recall_1pct": 0.05028571428571429,
      "delta_auc_vs_zero": -0.02150534846678942,
      "delta_recall_vs_zero": -0.03379591836734693
    },
    {
      "staleness": "7 d",
      "offset_s": 604800,
      "auc": 0.7002598807538123,
      "recall_1pct": 0.052489578231292515,
      "delta_auc_vs_zero": -0.020628339517896332,
      "delta_recall_vs_zero": -0.031592054421768705
    },
    {
      "staleness": "30 d",
      "offset_s": 2592000,
      "auc": 0.7016563075682514,
      "recall_1pct": 0.06512228571428572,
      "delta_auc_vs_zero": -0.019231912703457255,
      "delta_recall_vs_zero": -0.018959346938775504
    },
    {
      "staleness": "60 d",
      "offset_s": 5184000,
      "auc": 0.6891038890857009,
      "recall_1pct": 0.05318018035121025,
      "delta_auc_vs_zero": -0.031784331186007764,
      "delta_recall_vs_zero": -0.03090145230185097
    }
  ],
  "versions_part3": {
    "python": "3.13.2",
    "pandas": "3.0.2",
    "numpy": "2.4.4",
    "sklearn": "1.8.0",
    "run_timestamp_utc": "2026-04-24T12:25:25Z",
    "elapsed_s": 47.893068075180054
  }
}